toilet_id,stall_id,gender,start_time,end_time,duration,toilet_status
3,2,Female,2024-01-01 17:55:58,2024-01-01 18:02:58,7,Crowded
2,3,Female,2024-01-01 11:41:59,2024-01-01 11:49:59,8,Crowded
3,5,Female,2024-01-01 08:51:08,2024-01-01 08:54:08,3,Crowded
3,5,Male,2024-01-01 11:10:47,2024-01-01 11:20:47,10,Crowded
1,2,Female,2024-01-01 19:49:21,2024-01-01 19:57:21,8,Crowded
2,4,Male,2024-01-01 20:34:43,2024-01-01 20:39:43,5,Crowded
3,3,Female,2024-01-01 08:27:28,2024-01-01 08:37:28,10,Crowded
1,3,Male,2024-01-01 16:53:01,2024-01-01 16:59:01,6,Crowded
3,4,Female,2024-01-01 08:45:53,2024-01-01 08:46:53,1,Crowded
3,2,Male,2024-01-01 11:43:32,2024-01-01 11:48:32,5,Crowded
1,3,Female,2024-01-01 18:08:55,2024-01-01 18:17:55,9,Crowded
3,4,Male,2024-01-01 14:38:02,2024-01-01 14:43:02,5,Crowded
2,3,Male,2024-01-01 08:00:22,2024-01-01 08:08:22,8,Crowded
3,3,Female,2024-01-01 11:40:39,2024-01-01 11:42:39,2,Crowded
1,3,Female,2024-01-01 16:53:28,2024-01-01 16:58:28,5,Crowded
1,2,Male,2024-01-01 16:35:14,2024-01-01 16:39:14,4,Crowded
1,2,Male,2024-01-01 12:49:03,2024-01-01 12:55:03,6,Crowded
1,4,Male,2024-01-01 09:14:51,2024-01-01 09:24:51,10,Crowded
1,4,Male,2024-01-01 11:06:28,2024-01-01 11:16:28,10,Crowded
3,5,Male,2024-01-01 19:00:22,2024-01-01 19:05:22,5,Crowded
3,5,Male,2024-01-01 08:02:48,2024-01-01 08:10:48,8,Normal
3,5,Male,2024-01-01 21:28:31,2024-01-01 21:31:31,3,Crowded
1,2,Male,2024-01-01 15:21:03,2024-01-01 15:25:03,4,Crowded
3,5,Female,2024-01-01 15:10:21,2024-01-01 15:14:21,4,Crowded
2,1,Male,2024-01-01 21:10:50,2024-01-01 21:15:50,5,Crowded
3,2,Female,2024-01-01 18:58:03,2024-01-01 19:01:03,3,Crowded
2,3,Female,2024-01-01 10:47:44,2024-01-01 10:50:44,3,Crowded
2,5,Female,2024-01-01 20:38:35,2024-01-01 20:39:35,1,Crowded
2,2,Female,2024-01-01 16:16:56,2024-01-01 16:17:56,1,Crowded
1,5,Male,2024-01-01 10:12:44,2024-01-01 10:22:44,10,Crowded
2,2,Male,2024-01-01 11:50:40,2024-01-01 12:00:40,10,Crowded
1,4,Female,2024-01-01 09:36:52,2024-01-01 09:38:52,2,Crowded
2,2,Male,2024-01-01 11:13:34,2024-01-01 11:21:34,8,Crowded
2,2,Female,2024-01-01 13:50:10,2024-01-01 13:59:10,9,Crowded
2,1,Female,2024-01-01 19:59:38,2024-01-01 20:05:38,6,Crowded
1,2,Female,2024-01-01 14:05:24,2024-01-01 14:13:24,8,Crowded
1,5,Male,2024-01-01 11:40:39,2024-01-01 11:47:39,7,Crowded
2,4,Female,2024-01-01 16:36:36,2024-01-01 16:42:36,6,Crowded
2,5,Female,2024-01-01 13:02:15,2024-01-01 13:12:15,10,Crowded
1,4,Female,2024-01-01 13:08:18,2024-01-01 13:14:18,6,Crowded
3,1,Female,2024-01-01 21:38:38,2024-01-01 21:40:38,2,Crowded
2,4,Female,2024-01-01 19:50:47,2024-01-01 19:51:47,1,Crowded
1,4,Male,2024-01-01 21:55:12,2024-01-01 22:02:12,7,Normal
2,2,Female,2024-01-01 13:02:11,2024-01-01 13:12:11,10,Crowded
2,1,Male,2024-01-01 19:11:01,2024-01-01 19:12:01,1,Crowded
3,3,Female,2024-01-01 10:43:47,2024-01-01 10:48:47,5,Crowded
2,2,Male,2024-01-01 16:20:27,2024-01-01 16:23:27,3,Crowded
3,2,Male,2024-01-01 18:23:46,2024-01-01 18:29:46,6,Crowded
1,4,Female,2024-01-01 15:28:28,2024-01-01 15:36:28,8,Crowded
1,1,Female,2024-01-01 20:59:24,2024-01-01 21:01:24,2,Crowded
2,1,Female,2024-01-01 13:48:24,2024-01-01 13:49:24,1,Crowded
1,3,Male,2024-01-01 12:38:26,2024-01-01 12:39:26,1,Crowded
1,2,Male,2024-01-01 21:48:48,2024-01-01 21:53:48,5,Crowded
2,5,Male,2024-01-01 09:11:49,2024-01-01 09:20:49,9,Crowded
2,5,Female,2024-01-01 13:52:29,2024-01-01 13:56:29,4,Crowded
3,1,Female,2024-01-01 19:59:18,2024-01-01 20:08:18,9,Crowded
3,3,Female,2024-01-01 21:52:59,2024-01-01 21:54:59,2,Crowded
1,3,Female,2024-01-01 20:26:46,2024-01-01 20:33:46,7,Crowded
2,5,Male,2024-01-01 15:43:33,2024-01-01 15:50:33,7,Crowded
1,1,Male,2024-01-01 17:10:58,2024-01-01 17:20:58,10,Idle
3,5,Male,2024-01-01 08:16:56,2024-01-01 08:17:56,1,Crowded
1,2,Female,2024-01-01 12:23:06,2024-01-01 12:33:06,10,Crowded
2,5,Male,2024-01-01 10:19:20,2024-01-01 10:26:20,7,Crowded
3,2,Female,2024-01-01 16:55:12,2024-01-01 16:56:12,1,Crowded
2,3,Male,2024-01-01 18:08:36,2024-01-01 18:12:36,4,Crowded
1,4,Female,2024-01-01 08:43:56,2024-01-01 08:53:56,10,Crowded
2,5,Female,2024-01-01 14:01:21,2024-01-01 14:06:21,5,Crowded
1,4,Male,2024-01-01 16:17:32,2024-01-01 16:19:32,2,Crowded
3,3,Female,2024-01-01 18:20:01,2024-01-01 18:24:01,4,Crowded
1,4,Female,2024-01-01 21:07:28,2024-01-01 21:11:28,4,Crowded
1,2,Male,2024-01-01 20:46:19,2024-01-01 20:54:19,8,Crowded
3,2,Male,2024-01-01 21:17:27,2024-01-01 21:24:27,7,Crowded
1,3,Female,2024-01-01 18:44:21,2024-01-01 18:45:21,1,Crowded
3,3,Female,2024-01-01 16:06:45,2024-01-01 16:12:45,6,Crowded
1,1,Female,2024-01-01 15:21:12,2024-01-01 15:25:12,4,Crowded
1,2,Female,2024-01-01 16:05:04,2024-01-01 16:10:04,5,Crowded
2,3,Female,2024-01-01 12:23:22,2024-01-01 12:33:22,10,Crowded
2,5,Female,2024-01-01 19:45:44,2024-01-01 19:54:44,9,Crowded
1,1,Male,2024-01-01 15:29:45,2024-01-01 15:39:45,10,Crowded
1,1,Female,2024-01-01 17:37:20,2024-01-01 17:45:20,8,Crowded
1,1,Female,2024-01-01 17:06:54,2024-01-01 17:14:54,8,Crowded
2,5,Female,2024-01-01 11:39:52,2024-01-01 11:43:52,4,Crowded
3,5,Male,2024-01-01 20:06:18,2024-01-01 20:12:18,6,Crowded
1,3,Female,2024-01-01 14:18:52,2024-01-01 14:24:52,6,Crowded
2,2,Male,2024-01-01 21:05:19,2024-01-01 21:06:19,1,Crowded
1,4,Male,2024-01-01 19:07:14,2024-01-01 19:08:14,1,Crowded
2,4,Female,2024-01-01 18:50:24,2024-01-01 18:56:24,6,Crowded
3,3,Male,2024-01-01 19:56:15,2024-01-01 20:03:15,7,Crowded
1,2,Male,2024-01-01 15:50:44,2024-01-01 15:54:44,4,Crowded
1,3,Female,2024-01-01 14:29:52,2024-01-01 14:30:52,1,Crowded
3,5,Male,2024-01-01 15:28:17,2024-01-01 15:38:17,10,Crowded
1,4,Male,2024-01-01 12:21:12,2024-01-01 12:26:12,5,Crowded
2,2,Female,2024-01-01 08:36:57,2024-01-01 08:41:57,5,Crowded
3,4,Male,2024-01-01 08:44:42,2024-01-01 08:49:42,5,Crowded
2,1,Male,2024-01-01 11:54:59,2024-01-01 11:57:59,3,Crowded
2,5,Male,2024-01-01 12:01:56,2024-01-01 12:05:56,4,Crowded
3,1,Male,2024-01-01 18:28:57,2024-01-01 18:33:57,5,Crowded
2,1,Female,2024-01-01 17:30:38,2024-01-01 17:39:38,9,Crowded
1,1,Male,2024-01-01 08:11:36,2024-01-01 08:20:36,9,Crowded
1,3,Female,2024-01-01 18:14:00,2024-01-01 18:19:00,5,Crowded
3,5,Male,2024-01-01 17:30:19,2024-01-01 17:36:19,6,Normal
3,2,Male,2024-01-01 16:20:09,2024-01-01 16:29:09,9,Crowded
2,1,Male,2024-01-01 10:02:22,2024-01-01 10:05:22,3,Crowded
2,2,Male,2024-01-01 20:46:30,2024-01-01 20:56:30,10,Crowded
1,5,Female,2024-01-01 15:04:09,2024-01-01 15:12:09,8,Crowded
2,1,Female,2024-01-01 09:38:08,2024-01-01 09:43:08,5,Crowded
1,4,Female,2024-01-01 17:49:16,2024-01-01 17:51:16,2,Crowded
2,5,Female,2024-01-01 12:46:36,2024-01-01 12:49:36,3,Crowded
2,5,Male,2024-01-01 15:12:22,2024-01-01 15:22:22,10,Crowded
2,1,Female,2024-01-01 08:59:14,2024-01-01 09:09:14,10,Crowded
3,5,Female,2024-01-01 09:25:30,2024-01-01 09:26:30,1,Crowded
2,4,Male,2024-01-01 17:57:13,2024-01-01 17:58:13,1,Crowded
1,5,Female,2024-01-01 15:42:29,2024-01-01 15:51:29,9,Crowded
3,2,Male,2024-01-01 09:04:31,2024-01-01 09:05:31,1,Crowded
2,3,Female,2024-01-01 12:36:57,2024-01-01 12:42:57,6,Crowded
3,2,Male,2024-01-01 11:52:47,2024-01-01 12:01:47,9,Crowded
3,2,Female,2024-01-01 14:53:18,2024-01-01 14:56:18,3,Crowded
2,2,Male,2024-01-01 09:19:58,2024-01-01 09:25:58,6,Crowded
2,2,Female,2024-01-01 18:31:20,2024-01-01 18:40:20,9,Crowded
3,2,Female,2024-01-01 15:28:28,2024-01-01 15:34:28,6,Crowded
2,4,Male,2024-01-01 14:29:46,2024-01-01 14:38:46,9,Crowded
3,2,Male,2024-01-01 15:16:10,2024-01-01 15:25:10,9,Crowded
2,3,Female,2024-01-01 08:29:34,2024-01-01 08:39:34,10,Crowded
3,4,Female,2024-01-01 14:40:49,2024-01-01 14:50:49,10,Crowded
3,2,Male,2024-01-01 13:04:26,2024-01-01 13:07:26,3,Normal
2,2,Male,2024-01-01 13:59:05,2024-01-01 14:08:05,9,Crowded
1,2,Female,2024-01-01 14:44:36,2024-01-01 14:48:36,4,Crowded
1,4,Female,2024-01-01 11:31:40,2024-01-01 11:41:40,10,Crowded
1,2,Female,2024-01-01 20:44:25,2024-01-01 20:46:25,2,Crowded
3,3,Male,2024-01-01 19:02:14,2024-01-01 19:03:14,1,Crowded
1,5,Female,2024-01-01 10:48:40,2024-01-01 10:51:40,3,Crowded
1,5,Female,2024-01-01 20:32:37,2024-01-01 20:33:37,1,Crowded
1,5,Female,2024-01-01 21:54:32,2024-01-01 22:01:32,7,Normal
3,5,Female,2024-01-01 08:35:45,2024-01-01 08:41:45,6,Crowded
2,3,Female,2024-01-01 19:13:55,2024-01-01 19:22:55,9,Crowded
1,4,Male,2024-01-01 08:09:27,2024-01-01 08:16:27,7,Crowded
2,1,Female,2024-01-01 21:46:52,2024-01-01 21:51:52,5,Crowded
1,4,Female,2024-01-01 14:04:12,2024-01-01 14:14:12,10,Crowded
3,2,Male,2024-01-01 13:44:48,2024-01-01 13:50:48,6,Crowded
3,3,Female,2024-01-01 10:52:49,2024-01-01 10:55:49,3,Crowded
2,3,Female,2024-01-01 16:02:07,2024-01-01 16:11:07,9,Crowded
2,1,Female,2024-01-01 18:52:14,2024-01-01 19:02:14,10,Crowded
3,4,Female,2024-01-01 15:36:52,2024-01-01 15:38:52,2,Crowded
3,2,Male,2024-01-01 21:47:43,2024-01-01 21:48:43,1,Crowded
2,2,Male,2024-01-01 12:43:37,2024-01-01 12:48:37,5,Crowded
3,2,Male,2024-01-01 12:17:12,2024-01-01 12:27:12,10,Crowded
3,5,Female,2024-01-01 16:10:15,2024-01-01 16:11:15,1,Crowded
2,5,Male,2024-01-01 20:23:08,2024-01-01 20:26:08,3,Crowded
1,4,Female,2024-01-01 08:29:16,2024-01-01 08:35:16,6,Normal
3,1,Male,2024-01-01 09:04:30,2024-01-01 09:05:30,1,Crowded
3,2,Male,2024-01-01 16:39:26,2024-01-01 16:45:26,6,Crowded
2,5,Female,2024-01-01 17:40:04,2024-01-01 17:41:04,1,Crowded
2,2,Male,2024-01-01 18:14:00,2024-01-01 18:24:00,10,Crowded
3,5,Female,2024-01-01 09:03:08,2024-01-01 09:12:08,9,Crowded
3,1,Male,2024-01-01 11:27:49,2024-01-01 11:36:49,9,Crowded
3,3,Male,2024-01-01 20:19:16,2024-01-01 20:27:16,8,Crowded
3,2,Female,2024-01-01 08:40:38,2024-01-01 08:42:38,2,Crowded
1,5,Female,2024-01-01 09:12:26,2024-01-01 09:20:26,8,Crowded
1,2,Male,2024-01-01 11:06:32,2024-01-01 11:16:32,10,Crowded
3,1,Male,2024-01-01 14:35:28,2024-01-01 14:40:28,5,Crowded
3,1,Male,2024-01-01 12:40:09,2024-01-01 12:47:09,7,Crowded
2,3,Male,2024-01-01 08:13:44,2024-01-01 08:17:44,4,Crowded
3,2,Female,2024-01-01 15:10:00,2024-01-01 15:13:00,3,Crowded
2,3,Female,2024-01-01 12:05:58,2024-01-01 12:11:58,6,Crowded
2,2,Female,2024-01-01 20:56:45,2024-01-01 20:58:45,2,Crowded
1,4,Male,2024-01-01 15:53:24,2024-01-01 15:56:24,3,Crowded
2,1,Male,2024-01-01 11:47:56,2024-01-01 11:55:56,8,Crowded
2,3,Male,2024-01-01 21:10:45,2024-01-01 21:20:45,10,Crowded
3,4,Female,2024-01-01 11:20:10,2024-01-01 11:26:10,6,Crowded
2,4,Female,2024-01-01 10:25:57,2024-01-01 10:29:57,4,Crowded
1,3,Male,2024-01-01 18:18:30,2024-01-01 18:27:30,9,Crowded
2,3,Female,2024-01-01 21:56:22,2024-01-01 22:03:22,7,Normal
3,5,Male,2024-01-01 16:54:14,2024-01-01 17:01:14,7,Crowded
1,4,Female,2024-01-01 14:14:55,2024-01-01 14:16:55,2,Crowded
1,2,Male,2024-01-01 08:19:25,2024-01-01 08:20:25,1,Crowded
1,3,Female,2024-01-01 12:34:58,2024-01-01 12:40:58,6,Crowded
3,1,Male,2024-01-01 20:17:26,2024-01-01 20:26:26,9,Crowded
3,2,Male,2024-01-01 09:02:01,2024-01-01 09:07:01,5,Crowded
1,3,Male,2024-01-01 16:31:17,2024-01-01 16:32:17,1,Crowded
2,2,Male,2024-01-01 14:22:25,2024-01-01 14:26:25,4,Crowded
3,3,Female,2024-01-01 09:44:42,2024-01-01 09:53:42,9,Crowded
1,2,Female,2024-01-01 12:24:29,2024-01-01 12:25:29,1,Crowded
1,1,Female,2024-01-01 19:54:42,2024-01-01 19:59:42,5,Crowded
2,3,Female,2024-01-01 08:12:52,2024-01-01 08:18:52,6,Crowded
3,3,Male,2024-01-01 20:18:25,2024-01-01 20:23:25,5,Crowded
2,3,Female,2024-01-01 18:23:02,2024-01-01 18:25:02,2,Crowded
2,3,Male,2024-01-01 17:42:18,2024-01-01 17:44:18,2,Crowded
2,4,Female,2024-01-01 13:54:34,2024-01-01 13:57:34,3,Crowded
1,3,Male,2024-01-01 18:07:17,2024-01-01 18:13:17,6,Crowded
2,3,Female,2024-01-01 15:43:17,2024-01-01 15:50:17,7,Crowded
3,3,Female,2024-01-01 12:30:56,2024-01-01 12:37:56,7,Crowded
2,1,Female,2024-01-01 18:29:39,2024-01-01 18:32:39,3,Crowded
3,3,Female,2024-01-01 21:34:10,2024-01-01 21:39:10,5,Crowded
3,1,Male,2024-01-01 16:27:23,2024-01-01 16:34:23,7,Crowded
1,1,Female,2024-01-01 15:32:10,2024-01-01 15:36:10,4,Crowded
2,3,Female,2024-01-01 08:04:53,2024-01-01 08:06:53,2,Crowded
1,5,Female,2024-01-01 11:48:04,2024-01-01 11:58:04,10,Crowded
3,5,Female,2024-01-01 14:58:32,2024-01-01 15:06:32,8,Crowded
1,4,Female,2024-01-01 20:13:24,2024-01-01 20:20:24,7,Crowded
2,3,Female,2024-01-01 18:21:32,2024-01-01 18:26:32,5,Crowded
1,3,Male,2024-01-01 11:47:47,2024-01-01 11:48:47,1,Crowded
2,4,Female,2024-01-01 14:01:33,2024-01-01 14:07:33,6,Crowded
3,4,Male,2024-01-01 16:34:31,2024-01-01 16:43:31,9,Crowded
3,4,Female,2024-01-01 19:52:04,2024-01-01 19:55:04,3,Crowded
3,2,Male,2024-01-01 14:57:43,2024-01-01 15:01:43,4,Crowded
1,3,Female,2024-01-01 17:39:23,2024-01-01 17:46:23,7,Crowded
1,5,Female,2024-01-01 15:40:59,2024-01-01 15:42:59,2,Crowded
1,1,Female,2024-01-01 15:15:41,2024-01-01 15:25:41,10,Crowded
3,4,Female,2024-01-01 17:30:01,2024-01-01 17:37:01,7,Normal
2,3,Female,2024-01-01 09:11:58,2024-01-01 09:19:58,8,Crowded
2,2,Male,2024-01-01 16:19:54,2024-01-01 16:25:54,6,Crowded
2,4,Male,2024-01-01 21:12:40,2024-01-01 21:18:40,6,Crowded
2,4,Male,2024-01-01 16:41:15,2024-01-01 16:51:15,10,Crowded
1,4,Male,2024-01-01 21:29:05,2024-01-01 21:39:05,10,Crowded
2,5,Female,2024-01-01 08:26:42,2024-01-01 08:32:42,6,Crowded
2,5,Male,2024-01-01 11:47:01,2024-01-01 11:50:01,3,Crowded
2,4,Male,2024-01-01 08:33:19,2024-01-01 08:37:19,4,Crowded
3,1,Female,2024-01-01 16:44:06,2024-01-01 16:49:06,5,Crowded
3,4,Male,2024-01-01 11:14:28,2024-01-01 11:20:28,6,Crowded
3,1,Male,2024-01-01 16:14:21,2024-01-01 16:18:21,4,Crowded
3,4,Female,2024-01-01 10:52:08,2024-01-01 11:01:08,9,Crowded
3,2,Female,2024-01-01 08:17:55,2024-01-01 08:27:55,10,Crowded
3,2,Male,2024-01-01 21:46:42,2024-01-01 21:48:42,2,Crowded
2,3,Male,2024-01-01 10:47:33,2024-01-01 10:57:33,10,Crowded
2,4,Male,2024-01-01 08:51:20,2024-01-01 09:00:20,9,Crowded
1,3,Female,2024-01-01 20:51:30,2024-01-01 20:52:30,1,Crowded
1,5,Female,2024-01-01 16:24:29,2024-01-01 16:30:29,6,Crowded
2,3,Female,2024-01-01 16:36:19,2024-01-01 16:42:19,6,Crowded
1,1,Female,2024-01-01 14:51:24,2024-01-01 14:58:24,7,Crowded
3,1,Female,2024-01-01 14:21:07,2024-01-01 14:23:07,2,Crowded
2,5,Male,2024-01-01 08:08:44,2024-01-01 08:18:44,10,Crowded
2,4,Male,2024-01-01 10:00:00,2024-01-01 10:02:00,2,Crowded
3,1,Male,2024-01-01 14:13:23,2024-01-01 14:23:23,10,Crowded
3,3,Male,2024-01-01 18:59:41,2024-01-01 19:00:41,1,Crowded
2,3,Male,2024-01-01 15:22:33,2024-01-01 15:23:33,1,Crowded
3,1,Female,2024-01-01 11:51:45,2024-01-01 11:52:45,1,Crowded
3,1,Female,2024-01-01 08:33:49,2024-01-01 08:34:49,1,Crowded
1,2,Female,2024-01-01 21:50:56,2024-01-01 21:59:56,9,Crowded
1,3,Male,2024-01-01 16:38:21,2024-01-01 16:41:21,3,Crowded
1,2,Male,2024-01-01 20:52:59,2024-01-01 20:56:59,4,Crowded
3,3,Male,2024-01-01 10:09:28,2024-01-01 10:18:28,9,Crowded
3,4,Male,2024-01-01 19:59:18,2024-01-01 20:01:18,2,Crowded
1,1,Male,2024-01-01 18:15:11,2024-01-01 18:20:11,5,Crowded
1,4,Female,2024-01-01 20:34:46,2024-01-01 20:42:46,8,Crowded
3,3,Male,2024-01-01 18:05:34,2024-01-01 18:08:34,3,Crowded
2,2,Female,2024-01-01 19:45:19,2024-01-01 19:53:19,8,Crowded
3,2,Male,2024-01-01 15:50:21,2024-01-01 15:57:21,7,Crowded
2,5,Female,2024-01-01 10:36:34,2024-01-01 10:40:34,4,Crowded
1,3,Male,2024-01-01 12:47:36,2024-01-01 12:56:36,9,Crowded
3,3,Male,2024-01-01 10:41:09,2024-01-01 10:51:09,10,Crowded
2,4,Male,2024-01-01 18:34:34,2024-01-01 18:40:34,6,Crowded
1,1,Female,2024-01-01 10:53:07,2024-01-01 10:55:07,2,Crowded
3,1,Female,2024-01-01 10:10:51,2024-01-01 10:13:51,3,Crowded
1,4,Female,2024-01-01 19:39:16,2024-01-01 19:48:16,9,Crowded
3,2,Male,2024-01-01 16:34:22,2024-01-01 16:39:22,5,Crowded
1,2,Male,2024-01-01 21:45:48,2024-01-01 21:47:48,2,Crowded
2,3,Male,2024-01-01 21:40:20,2024-01-01 21:41:20,1,Crowded
1,5,Female,2024-01-01 08:07:45,2024-01-01 08:16:45,9,Crowded
3,5,Male,2024-01-01 18:12:41,2024-01-01 18:17:41,5,Crowded
2,5,Male,2024-01-01 14:17:09,2024-01-01 14:20:09,3,Crowded
2,5,Male,2024-01-01 17:58:04,2024-01-01 18:08:04,10,Crowded
1,3,Male,2024-01-01 14:57:53,2024-01-01 15:00:53,3,Crowded
1,5,Male,2024-01-01 14:02:06,2024-01-01 14:04:06,2,Crowded
3,1,Female,2024-01-01 09:05:33,2024-01-01 09:12:33,7,Crowded
1,1,Female,2024-01-01 20:54:34,2024-01-01 21:02:34,8,Crowded
2,3,Female,2024-01-01 13:33:32,2024-01-01 13:37:32,4,Crowded
1,2,Male,2024-01-01 19:01:37,2024-01-01 19:11:37,10,Crowded
1,3,Female,2024-01-01 20:30:36,2024-01-01 20:39:36,9,Crowded
3,4,Female,2024-01-01 15:07:37,2024-01-01 15:12:37,5,Crowded
1,2,Male,2024-01-01 17:05:17,2024-01-01 17:12:17,7,Crowded
3,1,Female,2024-01-01 16:31:48,2024-01-01 16:37:48,6,Crowded
1,4,Male,2024-01-01 13:47:22,2024-01-01 13:49:22,2,Crowded
1,4,Male,2024-01-01 12:32:24,2024-01-01 12:34:24,2,Crowded
3,5,Male,2024-01-01 16:05:26,2024-01-01 16:09:26,4,Crowded
1,5,Female,2024-01-01 11:17:42,2024-01-01 11:21:42,4,Crowded
2,1,Male,2024-01-01 14:32:14,2024-01-01 14:33:14,1,Crowded
2,2,Male,2024-01-01 17:08:10,2024-01-01 17:15:10,7,Crowded
1,2,Male,2024-01-01 18:17:34,2024-01-01 18:22:34,5,Crowded
1,5,Female,2024-01-01 09:20:48,2024-01-01 09:24:48,4,Crowded
2,4,Male,2024-01-01 10:58:15,2024-01-01 10:59:15,1,Crowded
2,3,Female,2024-01-01 21:23:30,2024-01-01 21:29:30,6,Crowded
2,5,Male,2024-01-01 20:03:08,2024-01-01 20:13:08,10,Crowded
2,3,Male,2024-01-01 20:57:09,2024-01-01 21:06:09,9,Crowded
3,5,Female,2024-01-01 11:43:21,2024-01-01 11:44:21,1,Crowded
2,1,Male,2024-01-01 09:28:40,2024-01-01 09:33:40,5,Crowded
1,4,Male,2024-01-01 16:44:19,2024-01-01 16:51:19,7,Crowded
1,3,Male,2024-01-01 14:01:15,2024-01-01 14:03:15,2,Crowded
3,5,Male,2024-01-01 12:26:13,2024-01-01 12:31:13,5,Crowded
3,1,Male,2024-01-01 21:26:04,2024-01-01 21:32:04,6,Crowded
3,5,Female,2024-01-01 12:59:06,2024-01-01 13:08:06,9,Normal
1,5,Male,2024-01-01 15:39:51,2024-01-01 15:46:51,7,Crowded
1,4,Male,2024-01-01 12:02:55,2024-01-01 12:11:55,9,Crowded
1,1,Female,2024-01-01 14:39:54,2024-01-01 14:44:54,5,Crowded
1,5,Female,2024-01-01 15:08:54,2024-01-01 15:17:54,9,Crowded
1,3,Female,2024-01-01 16:13:57,2024-01-01 16:15:57,2,Crowded
1,3,Male,2024-01-01 09:48:31,2024-01-01 09:54:31,6,Crowded
3,2,Female,2024-01-01 14:17:18,2024-01-01 14:22:18,5,Crowded
3,4,Male,2024-01-01 12:09:44,2024-01-01 12:10:44,1,Crowded
3,3,Female,2024-01-01 18:13:29,2024-01-01 18:21:29,8,Crowded
1,2,Female,2024-01-01 11:05:13,2024-01-01 11:07:13,2,Crowded
1,3,Female,2024-01-01 09:25:02,2024-01-01 09:28:02,3,Crowded
2,3,Female,2024-01-01 11:23:02,2024-01-01 11:33:02,10,Crowded
2,2,Male,2024-01-01 19:57:03,2024-01-01 20:05:03,8,Crowded
2,1,Female,2024-01-01 10:18:09,2024-01-01 10:22:09,4,Crowded
1,5,Female,2024-01-01 08:47:41,2024-01-01 08:54:41,7,Crowded
2,1,Male,2024-01-01 16:43:09,2024-01-01 16:45:09,2,Crowded
3,2,Male,2024-01-01 20:39:35,2024-01-01 20:49:35,10,Crowded
3,4,Male,2024-01-01 10:09:28,2024-01-01 10:19:28,10,Crowded
1,4,Male,2024-01-01 20:39:53,2024-01-01 20:48:53,9,Crowded
1,2,Female,2024-01-01 19:12:45,2024-01-01 19:20:45,8,Crowded
2,3,Female,2024-01-01 18:40:21,2024-01-01 18:45:21,5,Crowded
2,4,Female,2024-01-01 11:34:03,2024-01-01 11:41:03,7,Crowded
2,4,Female,2024-01-01 09:40:47,2024-01-01 09:45:47,5,Crowded
2,1,Male,2024-01-01 11:22:38,2024-01-01 11:30:38,8,Crowded
2,2,Female,2024-01-01 17:07:24,2024-01-01 17:17:24,10,Crowded
1,4,Male,2024-01-01 16:51:02,2024-01-01 16:54:02,3,Crowded
3,3,Female,2024-01-01 16:17:21,2024-01-01 16:19:21,2,Crowded
2,4,Female,2024-01-01 16:24:09,2024-01-01 16:32:09,8,Crowded
2,3,Male,2024-01-01 17:05:14,2024-01-01 17:07:14,2,Crowded
3,5,Male,2024-01-01 10:30:22,2024-01-01 10:31:22,1,Crowded
3,5,Male,2024-01-01 16:57:46,2024-01-01 17:00:46,3,Crowded
1,3,Female,2024-01-01 19:56:05,2024-01-01 20:05:05,9,Crowded
1,2,Male,2024-01-01 19:43:50,2024-01-01 19:47:50,4,Crowded
1,3,Female,2024-01-01 12:32:54,2024-01-01 12:37:54,5,Crowded
3,5,Female,2024-01-01 08:15:01,2024-01-01 08:24:01,9,Crowded
2,2,Female,2024-01-01 15:14:22,2024-01-01 15:15:22,1,Crowded
2,1,Female,2024-01-01 10:11:11,2024-01-01 10:21:11,10,Crowded
1,1,Male,2024-01-01 19:16:32,2024-01-01 19:20:32,4,Crowded
2,2,Male,2024-01-01 09:59:54,2024-01-01 10:01:54,2,Crowded
3,3,Female,2024-01-01 14:42:12,2024-01-01 14:47:12,5,Crowded
2,5,Female,2024-01-01 11:07:55,2024-01-01 11:13:55,6,Crowded
2,3,Male,2024-01-01 16:18:31,2024-01-01 16:26:31,8,Crowded
2,1,Female,2024-01-01 12:21:48,2024-01-01 12:28:48,7,Crowded
2,5,Female,2024-01-01 15:23:04,2024-01-01 15:28:04,5,Crowded
1,2,Male,2024-01-01 10:21:49,2024-01-01 10:26:49,5,Crowded
3,2,Female,2024-01-01 15:46:50,2024-01-01 15:49:50,3,Crowded
2,3,Female,2024-01-01 08:32:59,2024-01-01 08:38:59,6,Crowded
3,4,Female,2024-01-01 14:32:15,2024-01-01 14:41:15,9,Crowded
2,1,Male,2024-01-01 20:17:46,2024-01-01 20:23:46,6,Crowded
2,2,Female,2024-01-01 11:58:26,2024-01-01 12:01:26,3,Crowded
1,2,Male,2024-01-01 12:24:29,2024-01-01 12:32:29,8,Crowded
2,2,Male,2024-01-01 15:19:55,2024-01-01 15:21:55,2,Crowded
2,1,Male,2024-01-01 21:51:30,2024-01-01 21:57:30,6,Crowded
2,3,Male,2024-01-01 13:12:51,2024-01-01 13:14:51,2,Crowded
1,4,Female,2024-01-01 21:49:08,2024-01-01 21:53:08,4,Crowded
2,2,Female,2024-01-01 19:22:51,2024-01-01 19:26:51,4,Crowded
1,2,Female,2024-01-01 12:22:46,2024-01-01 12:28:46,6,Crowded
1,1,Female,2024-01-01 09:28:45,2024-01-01 09:29:45,1,Crowded
2,2,Male,2024-01-01 21:04:43,2024-01-01 21:13:43,9,Crowded
1,5,Female,2024-01-01 14:42:54,2024-01-01 14:44:54,2,Crowded
3,1,Male,2024-01-01 12:28:41,2024-01-01 12:38:41,10,Crowded
1,4,Female,2024-01-01 19:30:03,2024-01-01 19:35:03,5,Crowded
1,2,Male,2024-01-01 14:43:46,2024-01-01 14:49:46,6,Crowded
1,5,Male,2024-01-01 13:51:49,2024-01-01 14:01:49,10,Crowded
1,5,Female,2024-01-01 12:09:40,2024-01-01 12:14:40,5,Crowded
2,2,Female,2024-01-01 08:59:34,2024-01-01 09:06:34,7,Crowded
3,2,Female,2024-01-01 16:57:23,2024-01-01 17:04:23,7,Crowded
3,2,Female,2024-01-01 09:57:59,2024-01-01 09:59:59,2,Crowded
2,5,Female,2024-01-01 10:58:33,2024-01-01 11:08:33,10,Crowded
3,5,Male,2024-01-01 20:02:45,2024-01-01 20:09:45,7,Crowded
3,2,Female,2024-01-01 19:15:57,2024-01-01 19:23:57,8,Crowded
3,3,Female,2024-01-01 10:32:29,2024-01-01 10:40:29,8,Crowded
1,4,Female,2024-01-01 10:48:39,2024-01-01 10:53:39,5,Crowded
1,5,Male,2024-01-01 16:15:09,2024-01-01 16:16:09,1,Crowded
3,1,Female,2024-01-01 18:56:24,2024-01-01 19:01:24,5,Crowded
1,4,Female,2024-01-01 16:31:58,2024-01-01 16:41:58,10,Crowded
2,2,Male,2024-01-01 17:22:41,2024-01-01 17:23:41,1,Crowded
2,4,Male,2024-01-01 10:45:36,2024-01-01 10:51:36,6,Crowded
2,4,Female,2024-01-01 10:09:39,2024-01-01 10:18:39,9,Crowded
3,3,Male,2024-01-01 20:27:24,2024-01-01 20:30:24,3,Crowded
2,4,Female,2024-01-01 12:41:32,2024-01-01 12:44:32,3,Crowded
2,4,Female,2024-01-01 21:59:43,2024-01-01 22:05:43,6,Normal
2,4,Male,2024-01-01 08:38:40,2024-01-01 08:42:40,4,Crowded
2,5,Female,2024-01-01 20:13:44,2024-01-01 20:18:44,5,Crowded
3,5,Female,2024-01-01 08:43:58,2024-01-01 08:53:58,10,Crowded
3,5,Female,2024-01-01 21:38:47,2024-01-01 21:40:47,2,Crowded
2,3,Female,2024-01-01 21:09:45,2024-01-01 21:10:45,1,Crowded
1,2,Male,2024-01-01 09:51:59,2024-01-01 10:01:59,10,Crowded
2,1,Female,2024-01-01 15:48:54,2024-01-01 15:55:54,7,Crowded
2,4,Male,2024-01-01 10:23:05,2024-01-01 10:24:05,1,Crowded
1,4,Male,2024-01-01 10:32:06,2024-01-01 10:36:06,4,Crowded
2,5,Female,2024-01-01 10:31:10,2024-01-01 10:34:10,3,Crowded
2,1,Male,2024-01-01 19:58:35,2024-01-01 19:59:35,1,Crowded
1,4,Male,2024-01-01 09:57:30,2024-01-01 10:00:30,3,Crowded
3,2,Male,2024-01-01 17:21:45,2024-01-01 17:29:45,8,Crowded
3,5,Male,2024-01-01 10:08:30,2024-01-01 10:10:30,2,Crowded
1,3,Male,2024-01-01 10:30:58,2024-01-01 10:34:58,4,Crowded
2,2,Male,2024-01-01 15:59:56,2024-01-01 16:04:56,5,Crowded
3,2,Male,2024-01-01 15:39:31,2024-01-01 15:40:31,1,Crowded
2,3,Male,2024-01-01 16:41:01,2024-01-01 16:43:01,2,Crowded
3,3,Male,2024-01-01 08:58:02,2024-01-01 09:02:02,4,Crowded
3,3,Female,2024-01-01 13:31:59,2024-01-01 13:39:59,8,Crowded
3,5,Female,2024-01-01 10:50:39,2024-01-01 10:57:39,7,Crowded
2,2,Female,2024-01-01 20:53:02,2024-01-01 20:55:02,2,Crowded
3,4,Male,2024-01-01 20:10:34,2024-01-01 20:12:34,2,Crowded
3,5,Female,2024-01-01 11:40:26,2024-01-01 11:43:26,3,Crowded
3,4,Male,2024-01-01 14:45:24,2024-01-01 14:54:24,9,Crowded
1,1,Male,2024-01-01 16:52:15,2024-01-01 16:53:15,1,Crowded
1,1,Male,2024-01-01 21:43:58,2024-01-01 21:48:58,5,Crowded
3,4,Female,2024-01-01 19:12:15,2024-01-01 19:16:15,4,Crowded
2,4,Male,2024-01-01 16:39:22,2024-01-01 16:43:22,4,Crowded
3,5,Male,2024-01-01 15:33:54,2024-01-01 15:43:54,10,Crowded
2,5,Female,2024-01-01 17:18:50,2024-01-01 17:28:50,10,Crowded
3,5,Male,2024-01-01 14:16:10,2024-01-01 14:20:10,4,Crowded
3,4,Female,2024-01-01 18:31:01,2024-01-01 18:34:01,3,Crowded
2,2,Male,2024-01-01 09:59:03,2024-01-01 10:03:03,4,Crowded
2,3,Female,2024-01-01 15:38:52,2024-01-01 15:48:52,10,Crowded
2,2,Female,2024-01-01 09:34:57,2024-01-01 09:39:57,5,Crowded
1,2,Female,2024-01-01 10:11:47,2024-01-01 10:18:47,7,Crowded
1,3,Female,2024-01-01 14:00:46,2024-01-01 14:02:46,2,Crowded
2,4,Male,2024-01-01 12:11:12,2024-01-01 12:17:12,6,Crowded
3,1,Female,2024-01-01 13:48:56,2024-01-01 13:57:56,9,Crowded
2,3,Female,2024-01-01 11:36:26,2024-01-01 11:41:26,5,Crowded
1,1,Female,2024-01-01 12:21:51,2024-01-01 12:29:51,8,Crowded
3,2,Male,2024-01-01 18:59:16,2024-01-01 19:05:16,6,Crowded
3,3,Female,2024-01-01 16:44:20,2024-01-01 16:51:20,7,Crowded
1,2,Male,2024-01-01 11:07:01,2024-01-01 11:17:01,10,Crowded
2,5,Male,2024-01-01 11:53:43,2024-01-01 11:54:43,1,Crowded
1,2,Female,2024-01-01 08:18:25,2024-01-01 08:26:25,8,Crowded
2,5,Female,2024-01-01 10:03:54,2024-01-01 10:07:54,4,Crowded
1,2,Male,2024-01-01 19:39:30,2024-01-01 19:46:30,7,Crowded
3,1,Female,2024-01-01 20:48:07,2024-01-01 20:49:07,1,Crowded
3,5,Female,2024-01-01 20:46:19,2024-01-01 20:56:19,10,Crowded
1,1,Female,2024-01-01 20:07:20,2024-01-01 20:14:20,7,Crowded
1,3,Male,2024-01-01 12:54:30,2024-01-01 13:02:30,8,Crowded
2,1,Male,2024-01-01 20:46:21,2024-01-01 20:53:21,7,Crowded
1,1,Male,2024-01-01 08:03:40,2024-01-01 08:12:40,9,Crowded
1,2,Female,2024-01-01 12:43:33,2024-01-01 12:45:33,2,Crowded
1,5,Male,2024-01-01 15:09:22,2024-01-01 15:16:22,7,Crowded
2,2,Male,2024-01-01 16:54:30,2024-01-01 16:56:30,2,Crowded
1,3,Female,2024-01-01 16:54:48,2024-01-01 16:56:48,2,Crowded
3,2,Male,2024-01-01 21:45:09,2024-01-01 21:54:09,9,Crowded
2,2,Female,2024-01-01 19:32:24,2024-01-01 19:41:24,9,Crowded
1,4,Male,2024-01-01 18:06:32,2024-01-01 18:14:32,8,Crowded
1,1,Female,2024-01-01 20:49:39,2024-01-01 20:56:39,7,Crowded
3,4,Female,2024-01-01 10:04:15,2024-01-01 10:13:15,9,Crowded
2,3,Female,2024-01-01 19:41:58,2024-01-01 19:48:58,7,Crowded
1,1,Female,2024-01-01 08:23:29,2024-01-01 08:26:29,3,Crowded
3,5,Female,2024-01-01 18:51:40,2024-01-01 19:01:40,10,Crowded
3,5,Female,2024-01-01 12:21:08,2024-01-01 12:27:08,6,Crowded
2,3,Female,2024-01-01 12:36:04,2024-01-01 12:37:04,1,Crowded
1,5,Male,2024-01-01 19:50:38,2024-01-01 19:52:38,2,Crowded
2,1,Male,2024-01-01 16:24:54,2024-01-01 16:26:54,2,Crowded
3,3,Female,2024-01-01 21:44:26,2024-01-01 21:53:26,9,Crowded
1,1,Female,2024-01-01 18:32:47,2024-01-01 18:36:47,4,Crowded
2,3,Female,2024-01-01 09:46:21,2024-01-01 09:52:21,6,Crowded
3,4,Female,2024-01-01 18:24:37,2024-01-01 18:31:37,7,Crowded
2,5,Male,2024-01-01 21:24:59,2024-01-01 21:30:59,6,Crowded
1,3,Male,2024-01-01 17:59:56,2024-01-01 18:08:56,9,Crowded
1,4,Male,2024-01-01 18:14:24,2024-01-01 18:20:24,6,Crowded
2,1,Female,2024-01-01 15:28:52,2024-01-01 15:36:52,8,Crowded
1,1,Male,2024-01-01 15:44:55,2024-01-01 15:48:55,4,Crowded
2,3,Female,2024-01-01 16:58:27,2024-01-01 17:03:27,5,Crowded
1,1,Female,2024-01-01 11:35:53,2024-01-01 11:37:53,2,Crowded
2,2,Female,2024-01-01 19:39:13,2024-01-01 19:44:13,5,Crowded
1,1,Male,2024-01-01 21:10:34,2024-01-01 21:20:34,10,Crowded
3,5,Male,2024-01-01 21:34:53,2024-01-01 21:44:53,10,Crowded
1,5,Female,2024-01-01 16:22:28,2024-01-01 16:32:28,10,Crowded
1,2,Female,2024-01-01 18:22:21,2024-01-01 18:24:21,2,Crowded
3,1,Male,2024-01-01 15:29:25,2024-01-01 15:38:25,9,Crowded
2,2,Female,2024-01-01 14:13:24,2024-01-01 14:19:24,6,Crowded
3,2,Female,2024-01-01 19:23:54,2024-01-01 19:33:54,10,Normal
2,3,Female,2024-01-01 12:11:43,2024-01-01 12:18:43,7,Crowded
2,2,Male,2024-01-01 15:17:27,2024-01-01 15:24:27,7,Crowded
1,2,Female,2024-01-01 20:17:01,2024-01-01 20:23:01,6,Crowded
2,5,Male,2024-01-01 10:16:34,2024-01-01 10:25:34,9,Crowded
3,4,Female,2024-01-01 12:49:02,2024-01-01 12:57:02,8,Crowded
1,4,Female,2024-01-01 12:20:36,2024-01-01 12:26:36,6,Crowded
3,3,Male,2024-01-01 15:34:39,2024-01-01 15:38:39,4,Crowded
1,5,Male,2024-01-01 12:57:57,2024-01-01 13:04:57,7,Crowded
1,2,Male,2024-01-01 15:46:58,2024-01-01 15:48:58,2,Crowded
2,2,Male,2024-01-01 10:41:29,2024-01-01 10:43:29,2,Crowded
1,1,Male,2024-01-01 08:09:52,2024-01-01 08:15:52,6,Crowded
2,5,Male,2024-01-01 20:15:23,2024-01-01 20:19:23,4,Crowded
3,5,Male,2024-01-01 15:56:29,2024-01-01 15:59:29,3,Crowded
3,1,Male,2024-01-01 16:06:23,2024-01-01 16:10:23,4,Crowded
1,4,Male,2024-01-01 19:58:14,2024-01-01 20:00:14,2,Crowded
3,2,Male,2024-01-01 09:13:32,2024-01-01 09:19:32,6,Crowded
2,2,Female,2024-01-01 20:25:57,2024-01-01 20:34:57,9,Crowded
1,4,Male,2024-01-01 21:37:56,2024-01-01 21:38:56,1,Crowded
1,5,Female,2024-01-01 08:54:14,2024-01-01 09:04:14,10,Crowded
3,1,Male,2024-01-01 21:49:03,2024-01-01 21:53:03,4,Crowded
2,1,Male,2024-01-01 08:32:39,2024-01-01 08:33:39,1,Crowded
2,4,Female,2024-01-01 08:54:49,2024-01-01 09:02:49,8,Crowded
1,1,Male,2024-01-01 12:13:39,2024-01-01 12:21:39,8,Crowded
3,4,Male,2024-01-01 10:58:33,2024-01-01 11:05:33,7,Crowded
2,4,Female,2024-01-01 14:43:03,2024-01-01 14:45:03,2,Crowded
3,5,Male,2024-01-01 17:51:27,2024-01-01 17:55:27,4,Crowded
1,1,Female,2024-01-01 09:32:24,2024-01-01 09:38:24,6,Crowded
2,5,Female,2024-01-01 20:55:51,2024-01-01 21:03:51,8,Crowded
1,5,Male,2024-01-01 21:47:00,2024-01-01 21:57:00,10,Crowded
3,5,Male,2024-01-01 11:58:25,2024-01-01 12:00:25,2,Crowded
1,3,Female,2024-01-01 17:07:15,2024-01-01 17:09:15,2,Crowded
3,3,Male,2024-01-01 16:06:23,2024-01-01 16:10:23,4,Crowded
1,3,Male,2024-01-01 09:46:06,2024-01-01 09:54:06,8,Crowded
1,5,Female,2024-01-01 10:37:57,2024-01-01 10:43:57,6,Crowded
1,5,Male,2024-01-01 17:01:48,2024-01-01 17:11:48,10,Crowded
2,1,Male,2024-01-01 16:59:08,2024-01-01 17:04:08,5,Crowded
3,3,Female,2024-01-01 14:57:30,2024-01-01 14:58:30,1,Crowded
1,4,Female,2024-01-01 10:06:22,2024-01-01 10:11:22,5,Crowded
2,4,Male,2024-01-01 08:55:19,2024-01-01 08:58:19,3,Crowded
2,2,Male,2024-01-01 14:25:09,2024-01-01 14:28:09,3,Crowded
2,4,Female,2024-01-01 11:04:21,2024-01-01 11:14:21,10,Crowded
2,5,Female,2024-01-01 13:47:09,2024-01-01 13:49:09,2,Crowded
3,1,Female,2024-01-01 18:17:31,2024-01-01 18:25:31,8,Crowded
1,2,Male,2024-01-01 13:18:01,2024-01-01 13:25:01,7,Crowded
1,5,Male,2024-01-01 20:25:06,2024-01-01 20:35:06,10,Crowded
2,4,Male,2024-01-01 13:57:11,2024-01-01 14:03:11,6,Crowded
1,4,Male,2024-01-01 14:49:14,2024-01-01 14:53:14,4,Crowded
1,3,Male,2024-01-01 14:39:36,2024-01-01 14:43:36,4,Crowded
3,2,Male,2024-01-01 10:19:21,2024-01-01 10:29:21,10,Crowded
2,4,Female,2024-01-01 10:55:15,2024-01-01 11:02:15,7,Crowded
3,4,Female,2024-01-01 10:26:47,2024-01-01 10:35:47,9,Crowded
2,1,Male,2024-01-01 14:46:04,2024-01-01 14:54:04,8,Crowded
1,1,Female,2024-01-01 16:12:19,2024-01-01 16:13:19,1,Crowded
1,3,Female,2024-01-01 19:03:39,2024-01-01 19:04:39,1,Crowded
3,1,Male,2024-01-01 20:28:20,2024-01-01 20:38:20,10,Crowded
1,1,Male,2024-01-01 18:35:02,2024-01-01 18:38:02,3,Crowded
1,3,Male,2024-01-01 15:27:43,2024-01-01 15:34:43,7,Crowded
1,4,Female,2024-01-01 12:36:48,2024-01-01 12:44:48,8,Crowded
3,5,Male,2024-01-01 11:24:22,2024-01-01 11:25:22,1,Crowded
3,5,Male,2024-01-01 17:13:41,2024-01-01 17:14:41,1,Crowded
2,3,Female,2024-01-01 19:16:06,2024-01-01 19:24:06,8,Crowded
2,1,Male,2024-01-01 09:24:36,2024-01-01 09:29:36,5,Crowded
2,2,Female,2024-01-01 17:26:21,2024-01-01 17:32:21,6,Crowded
3,5,Male,2024-01-01 09:43:32,2024-01-01 09:46:32,3,Crowded
3,5,Male,2024-01-01 16:26:49,2024-01-01 16:31:49,5,Crowded
3,4,Female,2024-01-01 20:50:22,2024-01-01 20:56:22,6,Crowded
3,3,Male,2024-01-01 21:42:25,2024-01-01 21:50:25,8,Crowded
1,1,Female,2024-01-01 20:41:55,2024-01-01 20:49:55,8,Crowded
1,5,Female,2024-01-01 11:21:37,2024-01-01 11:24:37,3,Crowded
2,1,Female,2024-01-01 10:20:11,2024-01-01 10:22:11,2,Crowded
1,3,Female,2024-01-01 11:35:27,2024-01-01 11:38:27,3,Crowded
1,1,Male,2024-01-01 14:33:31,2024-01-01 14:36:31,3,Crowded
1,1,Male,2024-01-01 16:20:29,2024-01-01 16:29:29,9,Crowded
1,3,Female,2024-01-01 10:41:07,2024-01-01 10:46:07,5,Crowded
1,2,Male,2024-01-01 17:09:59,2024-01-01 17:12:59,3,Crowded
3,1,Female,2024-01-01 20:24:32,2024-01-01 20:30:32,6,Crowded
1,4,Male,2024-01-01 15:48:58,2024-01-01 15:53:58,5,Crowded
3,4,Female,2024-01-01 15:43:48,2024-01-01 15:49:48,6,Crowded
2,5,Female,2024-01-01 15:07:38,2024-01-01 15:17:38,10,Crowded
1,5,Male,2024-01-01 21:08:25,2024-01-01 21:13:25,5,Crowded
2,3,Female,2024-01-01 11:57:46,2024-01-01 12:03:46,6,Crowded
3,5,Female,2024-01-01 16:32:59,2024-01-01 16:35:59,3,Crowded
2,5,Female,2024-01-01 14:26:11,2024-01-01 14:33:11,7,Crowded
2,2,Male,2024-01-01 12:23:48,2024-01-01 12:27:48,4,Crowded
1,1,Female,2024-01-01 20:02:52,2024-01-01 20:07:52,5,Crowded
1,1,Male,2024-01-01 16:45:02,2024-01-01 16:53:02,8,Crowded
1,5,Male,2024-01-01 20:58:07,2024-01-01 21:01:07,3,Crowded
1,4,Male,2024-01-01 09:19:16,2024-01-01 09:28:16,9,Crowded
3,1,Female,2024-01-01 14:57:58,2024-01-01 15:01:58,4,Crowded
1,1,Female,2024-01-01 18:00:05,2024-01-01 18:09:05,9,Crowded
2,1,Male,2024-01-01 18:49:25,2024-01-01 18:57:25,8,Crowded
2,4,Female,2024-01-01 09:18:05,2024-01-01 09:28:05,10,Crowded
1,2,Male,2024-01-01 17:35:36,2024-01-01 17:42:36,7,Crowded
3,5,Male,2024-01-01 10:57:23,2024-01-01 11:04:23,7,Crowded
3,5,Female,2024-01-01 17:31:41,2024-01-01 17:34:41,3,Normal
2,4,Female,2024-01-01 17:05:46,2024-01-01 17:15:46,10,Crowded
1,1,Male,2024-01-01 17:58:32,2024-01-01 18:06:32,8,Crowded
3,4,Male,2024-01-01 18:14:00,2024-01-01 18:17:00,3,Crowded
2,1,Male,2024-01-01 21:20:27,2024-01-01 21:26:27,6,Crowded
1,2,Male,2024-01-01 20:06:02,2024-01-01 20:09:02,3,Crowded
1,1,Female,2024-01-01 13:51:55,2024-01-01 13:58:55,7,Crowded
1,3,Male,2024-01-01 10:09:14,2024-01-01 10:16:14,7,Crowded
3,4,Female,2024-01-01 18:44:39,2024-01-01 18:48:39,4,Crowded
3,1,Male,2024-01-01 11:17:52,2024-01-01 11:27:52,10,Crowded
1,1,Male,2024-01-01 20:12:57,2024-01-01 20:19:57,7,Crowded
2,3,Female,2024-01-01 16:54:52,2024-01-01 16:56:52,2,Crowded
2,5,Female,2024-01-01 19:18:53,2024-01-01 19:22:53,4,Crowded
1,3,Female,2024-01-01 18:50:34,2024-01-01 18:56:34,6,Crowded
3,3,Male,2024-01-01 15:39:34,2024-01-01 15:41:34,2,Crowded
3,1,Female,2024-01-01 17:21:11,2024-01-01 17:22:11,1,Crowded
2,3,Male,2024-01-01 12:38:38,2024-01-01 12:48:38,10,Crowded
3,5,Male,2024-01-01 14:18:43,2024-01-01 14:23:43,5,Crowded
1,5,Male,2024-01-01 08:20:20,2024-01-01 08:29:20,9,Crowded
3,3,Female,2024-01-01 13:23:40,2024-01-01 13:26:40,3,Crowded
2,3,Female,2024-01-01 15:48:54,2024-01-01 15:53:54,5,Crowded
3,3,Female,2024-01-01 10:38:00,2024-01-01 10:43:00,5,Crowded
3,2,Male,2024-01-01 19:53:44,2024-01-01 20:00:44,7,Crowded
3,4,Male,2024-01-01 21:30:01,2024-01-01 21:31:01,1,Crowded
2,5,Female,2024-01-01 17:13:04,2024-01-01 17:17:04,4,Crowded
3,4,Female,2024-01-01 19:30:30,2024-01-01 19:39:30,9,Normal
2,4,Female,2024-01-01 18:23:47,2024-01-01 18:29:47,6,Crowded
1,5,Male,2024-01-01 14:40:45,2024-01-01 14:43:45,3,Crowded
1,5,Female,2024-01-01 21:37:17,2024-01-01 21:39:17,2,Crowded
2,5,Male,2024-01-01 20:06:43,2024-01-01 20:12:43,6,Crowded
3,2,Female,2024-01-01 12:45:56,2024-01-01 12:49:56,4,Crowded
3,2,Male,2024-01-01 09:42:01,2024-01-01 09:51:01,9,Crowded
1,5,Female,2024-01-01 11:40:11,2024-01-01 11:44:11,4,Crowded
2,4,Female,2024-01-01 09:18:24,2024-01-01 09:19:24,1,Crowded
3,5,Male,2024-01-01 09:54:18,2024-01-01 10:04:18,10,Crowded
2,5,Male,2024-01-01 17:30:00,2024-01-01 17:40:00,10,Crowded
1,2,Female,2024-01-01 16:58:07,2024-01-01 17:01:07,3,Crowded
2,4,Female,2024-01-01 08:50:59,2024-01-01 09:00:59,10,Crowded
2,5,Male,2024-01-01 15:44:54,2024-01-01 15:52:54,8,Crowded
2,1,Male,2024-01-01 09:05:23,2024-01-01 09:11:23,6,Crowded
1,3,Male,2024-01-01 20:29:46,2024-01-01 20:32:46,3,Crowded
2,2,Female,2024-01-01 15:13:04,2024-01-01 15:23:04,10,Crowded
2,2,Female,2024-01-01 14:32:27,2024-01-01 14:36:27,4,Crowded
3,3,Male,2024-01-01 17:23:54,2024-01-01 17:26:54,3,Crowded
3,1,Female,2024-01-01 20:20:59,2024-01-01 20:30:59,10,Crowded
2,3,Female,2024-01-01 17:20:31,2024-01-01 17:29:31,9,Crowded
3,3,Male,2024-01-01 16:03:19,2024-01-01 16:09:19,6,Crowded
2,3,Male,2024-01-01 17:31:31,2024-01-01 17:32:31,1,Crowded
1,5,Male,2024-01-01 20:41:46,2024-01-01 20:46:46,5,Crowded
3,2,Female,2024-01-01 10:27:14,2024-01-01 10:30:14,3,Crowded
3,4,Male,2024-01-01 20:54:25,2024-01-01 20:57:25,3,Crowded
2,1,Male,2024-01-01 09:01:41,2024-01-01 09:07:41,6,Crowded
1,1,Male,2024-01-01 17:54:09,2024-01-01 17:59:09,5,Crowded
3,4,Female,2024-01-01 18:09:12,2024-01-01 18:10:12,1,Crowded
1,3,Female,2024-01-01 18:56:40,2024-01-01 18:57:40,1,Crowded
2,2,Female,2024-01-01 17:21:24,2024-01-01 17:26:24,5,Crowded
1,3,Female,2024-01-01 09:08:10,2024-01-01 09:17:10,9,Crowded
2,2,Female,2024-01-01 17:30:24,2024-01-01 17:38:24,8,Crowded
1,3,Male,2024-01-01 19:52:06,2024-01-01 19:56:06,4,Crowded
3,1,Male,2024-01-01 13:15:02,2024-01-01 13:21:02,6,Crowded
1,1,Female,2024-01-01 10:55:07,2024-01-01 10:58:07,3,Crowded
1,5,Female,2024-01-01 17:01:19,2024-01-01 17:04:19,3,Crowded
2,5,Female,2024-01-01 12:39:02,2024-01-01 12:48:02,9,Crowded
2,2,Male,2024-01-01 18:20:43,2024-01-01 18:26:43,6,Crowded
2,3,Male,2024-01-01 10:45:57,2024-01-01 10:49:57,4,Crowded
2,2,Male,2024-01-01 12:15:25,2024-01-01 12:18:25,3,Crowded
3,4,Female,2024-01-01 18:09:11,2024-01-01 18:18:11,9,Crowded
1,1,Male,2024-01-01 21:23:11,2024-01-01 21:24:11,1,Crowded
3,5,Male,2024-01-01 18:39:33,2024-01-01 18:46:33,7,Crowded
3,1,Female,2024-01-01 18:51:50,2024-01-01 18:54:50,3,Crowded
1,2,Male,2024-01-01 08:52:32,2024-01-01 08:59:32,7,Crowded
2,2,Female,2024-01-01 21:26:47,2024-01-01 21:32:47,6,Crowded
2,1,Female,2024-01-01 12:54:21,2024-01-01 12:55:21,1,Crowded
1,2,Male,2024-01-01 12:54:13,2024-01-01 13:02:13,8,Crowded
1,4,Male,2024-01-01 11:36:58,2024-01-01 11:42:58,6,Crowded
1,2,Male,2024-01-01 15:37:56,2024-01-01 15:45:56,8,Crowded
2,2,Female,2024-01-01 11:31:30,2024-01-01 11:39:30,8,Crowded
1,2,Female,2024-01-01 19:21:44,2024-01-01 19:30:44,9,Crowded
3,3,Female,2024-01-01 08:35:44,2024-01-01 08:36:44,1,Crowded
2,2,Male,2024-01-01 20:47:06,2024-01-01 20:49:06,2,Crowded
3,3,Female,2024-01-01 15:37:37,2024-01-01 15:41:37,4,Crowded
1,5,Female,2024-01-01 14:10:30,2024-01-01 14:14:30,4,Crowded
3,4,Male,2024-01-01 11:47:09,2024-01-01 11:53:09,6,Crowded
3,1,Female,2024-01-01 08:43:59,2024-01-01 08:47:59,4,Crowded
3,5,Male,2024-01-01 10:16:21,2024-01-01 10:23:21,7,Crowded
2,4,Male,2024-01-01 19:27:09,2024-01-01 19:28:09,1,Crowded
2,2,Female,2024-01-01 10:21:08,2024-01-01 10:24:08,3,Crowded
3,3,Male,2024-01-01 21:03:31,2024-01-01 21:08:31,5,Normal
2,5,Female,2024-01-01 10:06:22,2024-01-01 10:08:22,2,Crowded
2,2,Female,2024-01-01 19:09:05,2024-01-01 19:10:05,1,Crowded
3,2,Female,2024-01-01 18:27:16,2024-01-01 18:28:16,1,Crowded
3,4,Female,2024-01-01 16:23:45,2024-01-01 16:27:45,4,Crowded
3,1,Female,2024-01-01 08:34:08,2024-01-01 08:38:08,4,Crowded
1,1,Female,2024-01-01 10:55:13,2024-01-01 11:01:13,6,Crowded
3,3,Male,2024-01-01 14:13:43,2024-01-01 14:19:43,6,Crowded
3,1,Female,2024-01-01 09:20:08,2024-01-01 09:26:08,6,Crowded
2,1,Male,2024-01-01 08:34:45,2024-01-01 08:43:45,9,Crowded
2,3,Male,2024-01-01 11:47:13,2024-01-01 11:50:13,3,Crowded
3,2,Female,2024-01-01 18:10:24,2024-01-01 18:15:24,5,Crowded
2,1,Male,2024-01-01 12:55:42,2024-01-01 12:58:42,3,Crowded
3,1,Male,2024-01-01 09:20:20,2024-01-01 09:24:20,4,Crowded
2,2,Male,2024-01-01 20:55:12,2024-01-01 20:57:12,2,Crowded
2,4,Female,2024-01-01 19:22:45,2024-01-01 19:29:45,7,Crowded
1,2,Male,2024-01-01 21:26:50,2024-01-01 21:31:50,5,Crowded
1,5,Male,2024-01-01 12:07:06,2024-01-01 12:13:06,6,Crowded
3,3,Male,2024-01-01 12:12:41,2024-01-01 12:21:41,9,Crowded
1,5,Male,2024-01-01 14:12:36,2024-01-01 14:18:36,6,Crowded
2,3,Male,2024-01-01 19:14:41,2024-01-01 19:16:41,2,Crowded
1,3,Male,2024-01-01 10:34:39,2024-01-01 10:36:39,2,Crowded
3,4,Male,2024-01-01 18:04:19,2024-01-01 18:09:19,5,Crowded
1,1,Male,2024-01-01 13:11:44,2024-01-01 13:21:44,10,Crowded
1,1,Male,2024-01-01 09:52:52,2024-01-01 10:01:52,9,Crowded
1,1,Female,2024-01-01 10:39:52,2024-01-01 10:49:52,10,Crowded
3,3,Female,2024-01-01 15:38:56,2024-01-01 15:45:56,7,Crowded
3,5,Female,2024-01-01 19:58:19,2024-01-01 20:08:19,10,Crowded
3,5,Male,2024-01-01 10:17:24,2024-01-01 10:21:24,4,Crowded
3,1,Male,2024-01-01 14:58:12,2024-01-01 15:05:12,7,Crowded
3,3,Male,2024-01-01 20:08:09,2024-01-01 20:12:09,4,Crowded
1,4,Female,2024-01-01 10:49:09,2024-01-01 10:59:09,10,Crowded
3,3,Female,2024-01-01 09:09:53,2024-01-01 09:12:53,3,Crowded
3,5,Male,2024-01-01 16:34:23,2024-01-01 16:36:23,2,Crowded
3,1,Male,2024-01-01 16:20:57,2024-01-01 16:28:57,8,Crowded
1,4,Male,2024-01-01 21:18:18,2024-01-01 21:26:18,8,Crowded
2,2,Female,2024-01-01 13:24:53,2024-01-01 13:32:53,8,Crowded
2,5,Male,2024-01-01 15:59:44,2024-01-01 16:05:44,6,Crowded
1,3,Female,2024-01-01 14:39:55,2024-01-01 14:48:55,9,Crowded
2,2,Female,2024-01-01 17:57:11,2024-01-01 18:03:11,6,Crowded
2,4,Female,2024-01-01 19:31:45,2024-01-01 19:40:45,9,Crowded
1,3,Female,2024-01-01 17:07:11,2024-01-01 17:09:11,2,Crowded
1,5,Male,2024-01-01 16:06:52,2024-01-01 16:15:52,9,Crowded
2,4,Female,2024-01-01 14:50:29,2024-01-01 14:53:29,3,Crowded
3,4,Male,2024-01-01 12:00:02,2024-01-01 12:04:02,4,Crowded
3,5,Female,2024-01-01 13:23:15,2024-01-01 13:29:15,6,Crowded
1,4,Male,2024-01-01 11:12:00,2024-01-01 11:14:00,2,Crowded
2,1,Male,2024-01-01 18:44:09,2024-01-01 18:54:09,10,Crowded
1,4,Male,2024-01-01 08:39:41,2024-01-01 08:49:41,10,Crowded
2,3,Female,2024-01-01 19:38:42,2024-01-01 19:48:42,10,Crowded
3,3,Male,2024-01-01 08:55:08,2024-01-01 09:04:08,9,Crowded
2,2,Female,2024-01-01 16:20:36,2024-01-01 16:26:36,6,Crowded
2,2,Female,2024-01-01 11:06:35,2024-01-01 11:07:35,1,Crowded
1,1,Male,2024-01-01 21:23:32,2024-01-01 21:28:32,5,Crowded
3,5,Female,2024-01-01 08:59:31,2024-01-01 09:08:31,9,Crowded
1,2,Female,2024-01-01 20:19:03,2024-01-01 20:29:03,10,Crowded
1,1,Female,2024-01-01 09:22:57,2024-01-01 09:32:57,10,Crowded
2,3,Female,2024-01-01 16:03:42,2024-01-01 16:10:42,7,Crowded
3,4,Female,2024-01-01 13:54:40,2024-01-01 13:58:40,4,Crowded
2,4,Male,2024-01-01 21:10:15,2024-01-01 21:15:15,5,Crowded
3,1,Male,2024-01-01 11:20:03,2024-01-01 11:23:03,3,Crowded
1,2,Male,2024-01-01 15:42:36,2024-01-01 15:43:36,1,Crowded
2,2,Male,2024-01-01 19:06:20,2024-01-01 19:11:20,5,Crowded
3,4,Female,2024-01-01 19:05:34,2024-01-01 19:06:34,1,Crowded
3,4,Female,2024-01-01 08:44:38,2024-01-01 08:48:38,4,Crowded
2,3,Female,2024-01-01 16:15:42,2024-01-01 16:25:42,10,Crowded
1,4,Male,2024-01-01 20:02:23,2024-01-01 20:10:23,8,Crowded
3,1,Female,2024-01-01 13:45:13,2024-01-01 13:47:13,2,Crowded
1,1,Male,2024-01-01 15:22:46,2024-01-01 15:26:46,4,Crowded
2,5,Female,2024-01-01 13:04:33,2024-01-01 13:09:33,5,Crowded
3,1,Male,2024-01-01 15:07:31,2024-01-01 15:11:31,4,Crowded
2,5,Male,2024-01-01 15:53:18,2024-01-01 15:55:18,2,Crowded
1,5,Male,2024-01-01 09:32:27,2024-01-01 09:40:27,8,Crowded
2,2,Male,2024-01-01 09:22:20,2024-01-01 09:24:20,2,Crowded
3,3,Male,2024-01-01 14:49:56,2024-01-01 14:52:56,3,Crowded
1,5,Female,2024-01-01 08:22:29,2024-01-01 08:28:29,6,Crowded
3,3,Female,2024-01-01 21:41:20,2024-01-01 21:46:20,5,Crowded
2,4,Male,2024-01-01 20:04:08,2024-01-01 20:13:08,9,Crowded
3,5,Female,2024-01-01 09:18:01,2024-01-01 09:27:01,9,Crowded
2,4,Male,2024-01-01 09:08:01,2024-01-01 09:16:01,8,Crowded
1,1,Female,2024-01-01 08:08:49,2024-01-01 08:11:49,3,Crowded
3,3,Male,2024-01-01 19:12:46,2024-01-01 19:17:46,5,Crowded
2,1,Female,2024-01-01 21:30:26,2024-01-01 21:39:26,9,Crowded
2,4,Female,2024-01-01 16:41:53,2024-01-01 16:49:53,8,Crowded
1,5,Female,2024-01-01 15:21:41,2024-01-01 15:29:41,8,Crowded
1,2,Female,2024-01-01 12:18:18,2024-01-01 12:27:18,9,Crowded
2,4,Male,2024-01-01 14:27:25,2024-01-01 14:36:25,9,Crowded
3,5,Female,2024-01-01 11:16:27,2024-01-01 11:24:27,8,Crowded
2,1,Male,2024-01-01 16:55:40,2024-01-01 17:02:40,7,Crowded
3,3,Female,2024-01-01 08:38:49,2024-01-01 08:48:49,10,Crowded
2,3,Male,2024-01-01 10:16:43,2024-01-01 10:25:43,9,Crowded
2,2,Male,2024-01-01 12:20:26,2024-01-01 12:21:26,1,Crowded
3,5,Female,2024-01-01 12:51:18,2024-01-01 12:59:18,8,Crowded
2,5,Female,2024-01-01 17:56:36,2024-01-01 18:06:36,10,Crowded
3,5,Male,2024-01-01 20:16:32,2024-01-01 20:19:32,3,Crowded
3,3,Female,2024-01-01 21:21:39,2024-01-01 21:31:39,10,Crowded
1,3,Female,2024-01-01 20:03:53,2024-01-01 20:06:53,3,Crowded
3,4,Male,2024-01-01 17:08:21,2024-01-01 17:14:21,6,Crowded
2,2,Male,2024-01-01 09:38:16,2024-01-01 09:41:16,3,Crowded
2,4,Male,2024-01-01 13:07:01,2024-01-01 13:09:01,2,Crowded
1,2,Female,2024-01-01 11:56:13,2024-01-01 12:04:13,8,Crowded
1,4,Male,2024-01-01 20:55:30,2024-01-01 21:00:30,5,Crowded
3,4,Male,2024-01-01 11:31:46,2024-01-01 11:35:46,4,Crowded
2,5,Male,2024-01-01 09:42:29,2024-01-01 09:43:29,1,Crowded
2,4,Female,2024-01-01 12:03:02,2024-01-01 12:04:02,1,Crowded
3,5,Female,2024-01-01 09:13:53,2024-01-01 09:17:53,4,Crowded
1,5,Female,2024-01-01 18:46:55,2024-01-01 18:55:55,9,Crowded
3,4,Male,2024-01-01 13:50:13,2024-01-01 13:51:13,1,Crowded
1,3,Female,2024-01-01 11:44:03,2024-01-01 11:48:03,4,Crowded
2,1,Female,2024-01-01 14:21:59,2024-01-01 14:31:59,10,Crowded
1,3,Male,2024-01-01 20:08:21,2024-01-01 20:10:21,2,Crowded
2,2,Male,2024-01-01 11:41:38,2024-01-01 11:45:38,4,Crowded
1,2,Male,2024-01-01 11:57:49,2024-01-01 12:07:49,10,Crowded
2,4,Female,2024-01-01 18:36:28,2024-01-01 18:45:28,9,Crowded
2,3,Female,2024-01-01 11:41:09,2024-01-01 11:50:09,9,Crowded
1,1,Female,2024-01-01 21:34:04,2024-01-01 21:37:04,3,Crowded
3,4,Female,2024-01-01 16:45:38,2024-01-01 16:50:38,5,Crowded
1,3,Male,2024-01-01 15:20:24,2024-01-01 15:29:24,9,Crowded
2,4,Male,2024-01-01 15:21:23,2024-01-01 15:24:23,3,Crowded
2,3,Female,2024-01-01 09:13:37,2024-01-01 09:15:37,2,Crowded
1,2,Male,2024-01-01 12:20:32,2024-01-01 12:27:32,7,Crowded
3,1,Male,2024-01-01 11:34:23,2024-01-01 11:40:23,6,Crowded
2,4,Female,2024-01-01 11:32:36,2024-01-01 11:41:36,9,Crowded
2,2,Female,2024-01-01 08:55:18,2024-01-01 09:00:18,5,Crowded
2,2,Female,2024-01-01 08:29:46,2024-01-01 08:32:46,3,Crowded
1,1,Female,2024-01-01 09:46:00,2024-01-01 09:53:00,7,Crowded
2,3,Male,2024-01-01 16:59:18,2024-01-01 17:02:18,3,Crowded
1,3,Female,2024-01-01 17:48:52,2024-01-01 17:55:52,7,Crowded
3,5,Male,2024-01-01 16:24:57,2024-01-01 16:34:57,10,Crowded
1,1,Male,2024-01-01 15:47:51,2024-01-01 15:49:51,2,Crowded
3,4,Male,2024-01-01 09:55:30,2024-01-01 10:05:30,10,Crowded
2,1,Male,2024-01-01 18:12:10,2024-01-01 18:16:10,4,Crowded
2,1,Female,2024-01-01 13:33:06,2024-01-01 13:42:06,9,Crowded
3,5,Male,2024-01-01 16:29:02,2024-01-01 16:33:02,4,Crowded
3,5,Male,2024-01-01 15:27:13,2024-01-01 15:34:13,7,Crowded
2,4,Male,2024-01-01 09:56:58,2024-01-01 10:06:58,10,Crowded
2,4,Female,2024-01-01 12:34:01,2024-01-01 12:42:01,8,Crowded
1,2,Male,2024-01-01 11:01:05,2024-01-01 11:05:05,4,Crowded
1,4,Male,2024-01-01 21:09:26,2024-01-01 21:17:26,8,Crowded
3,4,Female,2024-01-01 21:58:35,2024-01-01 22:08:35,10,Idle
3,5,Male,2024-01-01 12:58:58,2024-01-01 13:00:58,2,Normal
3,1,Male,2024-01-01 10:54:30,2024-01-01 10:56:30,2,Crowded
2,5,Female,2024-01-01 16:24:38,2024-01-01 16:29:38,5,Crowded
3,4,Female,2024-01-01 14:17:46,2024-01-01 14:19:46,2,Crowded
2,5,Female,2024-01-01 13:21:59,2024-01-01 13:30:59,9,Crowded
3,2,Male,2024-01-01 12:29:09,2024-01-01 12:33:09,4,Crowded
3,2,Female,2024-01-01 16:32:44,2024-01-01 16:39:44,7,Crowded
3,4,Male,2024-01-01 10:17:25,2024-01-01 10:18:25,1,Crowded
3,5,Male,2024-01-01 21:21:26,2024-01-01 21:30:26,9,Crowded
3,2,Male,2024-01-01 08:28:46,2024-01-01 08:38:46,10,Crowded
2,5,Male,2024-01-01 12:52:42,2024-01-01 13:02:42,10,Crowded
3,5,Male,2024-01-01 10:11:12,2024-01-01 10:20:12,9,Crowded
2,3,Male,2024-01-01 16:50:39,2024-01-01 17:00:39,10,Crowded
2,3,Male,2024-01-01 21:07:20,2024-01-01 21:14:20,7,Crowded
1,5,Male,2024-01-01 20:13:56,2024-01-01 20:16:56,3,Crowded
1,4,Female,2024-01-01 16:35:21,2024-01-01 16:43:21,8,Crowded
2,3,Male,2024-01-01 18:28:40,2024-01-01 18:30:40,2,Crowded
1,3,Male,2024-01-01 17:03:30,2024-01-01 17:08:30,5,Crowded
2,2,Female,2024-01-01 17:37:06,2024-01-01 17:47:06,10,Crowded
2,4,Female,2024-01-01 18:11:16,2024-01-01 18:14:16,3,Crowded
1,4,Male,2024-01-01 18:23:46,2024-01-01 18:31:46,8,Crowded
2,2,Male,2024-01-01 15:00:31,2024-01-01 15:09:31,9,Crowded
3,5,Male,2024-01-01 19:15:15,2024-01-01 19:22:15,7,Crowded
1,2,Female,2024-01-01 14:23:38,2024-01-01 14:27:38,4,Crowded
3,2,Female,2024-01-01 16:22:30,2024-01-01 16:23:30,1,Crowded
1,4,Male,2024-01-01 09:09:30,2024-01-01 09:14:30,5,Crowded
1,5,Female,2024-01-01 11:02:08,2024-01-01 11:08:08,6,Crowded
3,2,Female,2024-01-01 18:39:43,2024-01-01 18:44:43,5,Crowded
2,3,Female,2024-01-01 15:52:58,2024-01-01 15:55:58,3,Crowded
1,3,Male,2024-01-01 08:49:21,2024-01-01 08:55:21,6,Crowded
2,5,Female,2024-01-01 20:02:24,2024-01-01 20:09:24,7,Crowded
3,4,Male,2024-01-01 09:15:34,2024-01-01 09:18:34,3,Crowded
2,3,Female,2024-01-01 20:26:24,2024-01-01 20:36:24,10,Crowded
1,3,Female,2024-01-01 15:38:58,2024-01-01 15:47:58,9,Crowded
3,3,Male,2024-01-01 12:41:30,2024-01-01 12:45:30,4,Crowded
1,1,Female,2024-01-01 09:06:07,2024-01-01 09:12:07,6,Crowded
3,1,Male,2024-01-01 13:44:46,2024-01-01 13:54:46,10,Crowded
1,2,Female,2024-01-01 14:05:40,2024-01-01 14:10:40,5,Crowded
3,4,Male,2024-01-01 19:20:25,2024-01-01 19:28:25,8,Crowded
2,2,Female,2024-01-01 17:25:44,2024-01-01 17:26:44,1,Crowded
2,3,Female,2024-01-01 14:05:30,2024-01-01 14:11:30,6,Crowded
3,4,Male,2024-01-01 20:29:22,2024-01-01 20:33:22,4,Crowded
2,1,Female,2024-01-01 12:21:11,2024-01-01 12:29:11,8,Crowded
3,5,Male,2024-01-01 15:41:17,2024-01-01 15:46:17,5,Crowded
3,1,Female,2024-01-01 08:37:02,2024-01-01 08:39:02,2,Crowded
1,5,Female,2024-01-01 14:39:41,2024-01-01 14:43:41,4,Crowded
2,2,Male,2024-01-01 12:48:52,2024-01-01 12:54:52,6,Crowded
3,2,Female,2024-01-01 20:34:37,2024-01-01 20:37:37,3,Crowded
3,1,Male,2024-01-01 17:22:46,2024-01-01 17:29:46,7,Crowded
2,2,Female,2024-01-01 20:26:25,2024-01-01 20:27:25,1,Crowded
3,3,Male,2024-01-01 09:23:55,2024-01-01 09:27:55,4,Crowded
3,4,Female,2024-01-01 20:28:37,2024-01-01 20:35:37,7,Crowded
3,5,Male,2024-01-01 15:47:47,2024-01-01 15:57:47,10,Crowded
1,1,Female,2024-01-01 19:27:52,2024-01-01 19:30:52,3,Crowded
2,3,Female,2024-01-01 09:42:47,2024-01-01 09:49:47,7,Crowded
2,4,Female,2024-01-01 18:26:22,2024-01-01 18:29:22,3,Crowded
1,5,Female,2024-01-01 20:55:14,2024-01-01 21:00:14,5,Crowded
3,5,Female,2024-01-01 13:28:11,2024-01-01 13:33:11,5,Crowded
3,2,Female,2024-01-01 12:11:25,2024-01-01 12:20:25,9,Crowded
3,3,Female,2024-01-01 18:08:38,2024-01-01 18:09:38,1,Crowded
3,4,Male,2024-01-01 21:11:12,2024-01-01 21:16:12,5,Crowded
2,5,Male,2024-01-01 16:19:58,2024-01-01 16:24:58,5,Crowded
3,2,Male,2024-01-01 14:37:51,2024-01-01 14:43:51,6,Crowded
2,5,Female,2024-01-01 09:58:09,2024-01-01 09:59:09,1,Crowded
1,4,Female,2024-01-01 15:04:04,2024-01-01 15:12:04,8,Crowded
3,3,Female,2024-01-01 17:51:05,2024-01-01 17:59:05,8,Crowded
2,2,Male,2024-01-01 10:27:35,2024-01-01 10:31:35,4,Crowded
1,3,Female,2024-01-01 10:14:56,2024-01-01 10:16:56,2,Crowded
2,1,Female,2024-01-01 10:55:05,2024-01-01 11:03:05,8,Crowded
3,3,Male,2024-01-01 08:29:54,2024-01-01 08:39:54,10,Crowded
2,5,Female,2024-01-01 18:07:25,2024-01-01 18:12:25,5,Crowded
3,2,Male,2024-01-01 16:56:24,2024-01-01 17:03:24,7,Crowded
3,5,Female,2024-01-01 19:03:09,2024-01-01 19:04:09,1,Crowded
1,4,Female,2024-01-01 19:09:45,2024-01-01 19:19:45,10,Crowded
3,1,Male,2024-01-01 12:31:27,2024-01-01 12:39:27,8,Crowded
3,1,Female,2024-01-01 14:04:12,2024-01-01 14:10:12,6,Crowded
1,4,Female,2024-01-01 12:23:12,2024-01-01 12:28:12,5,Crowded
2,4,Female,2024-01-01 12:29:11,2024-01-01 12:38:11,9,Crowded
2,3,Female,2024-01-01 08:34:26,2024-01-01 08:44:26,10,Crowded
2,5,Male,2024-01-01 19:44:38,2024-01-01 19:45:38,1,Crowded
1,1,Male,2024-01-01 13:28:09,2024-01-01 13:33:09,5,Normal
1,3,Female,2024-01-01 14:28:27,2024-01-01 14:38:27,10,Crowded
1,4,Female,2024-01-01 16:35:52,2024-01-01 16:36:52,1,Crowded
2,2,Female,2024-01-01 15:56:09,2024-01-01 16:00:09,4,Crowded
1,5,Female,2024-01-01 17:55:36,2024-01-01 18:05:36,10,Crowded
1,1,Female,2024-01-01 18:56:10,2024-01-01 18:59:10,3,Crowded
2,2,Female,2024-01-01 12:10:54,2024-01-01 12:16:54,6,Crowded
3,4,Male,2024-01-01 17:05:37,2024-01-01 17:13:37,8,Crowded
3,3,Female,2024-01-01 18:48:37,2024-01-01 18:54:37,6,Crowded
2,3,Male,2024-01-01 17:02:42,2024-01-01 17:03:42,1,Crowded
2,1,Male,2024-01-01 08:26:04,2024-01-01 08:31:04,5,Crowded
1,2,Female,2024-01-01 13:23:20,2024-01-01 13:24:20,1,Crowded
3,4,Male,2024-01-01 13:35:23,2024-01-01 13:39:23,4,Crowded
1,2,Female,2024-01-01 13:41:44,2024-01-01 13:43:44,2,Normal
1,2,Male,2024-01-01 18:01:24,2024-01-01 18:10:24,9,Crowded
2,4,Male,2024-01-01 13:45:35,2024-01-01 13:54:35,9,Crowded
1,4,Male,2024-01-01 19:56:55,2024-01-01 20:01:55,5,Crowded
3,4,Female,2024-01-01 19:51:57,2024-01-01 19:57:57,6,Crowded
2,4,Female,2024-01-01 20:41:27,2024-01-01 20:50:27,9,Crowded
2,1,Male,2024-01-01 11:02:44,2024-01-01 11:04:44,2,Crowded
2,4,Male,2024-01-01 09:51:11,2024-01-01 09:55:11,4,Crowded
2,2,Female,2024-01-01 13:14:09,2024-01-01 13:16:09,2,Crowded
1,3,Male,2024-01-01 09:30:28,2024-01-01 09:31:28,1,Crowded
1,5,Female,2024-01-01 09:21:49,2024-01-01 09:29:49,8,Crowded
2,5,Male,2024-01-01 09:13:43,2024-01-01 09:22:43,9,Crowded
3,4,Male,2024-01-01 14:11:05,2024-01-01 14:16:05,5,Crowded
3,5,Male,2024-01-01 12:57:24,2024-01-01 12:59:24,2,Crowded
2,2,Male,2024-01-01 11:33:22,2024-01-01 11:42:22,9,Crowded
3,5,Female,2024-01-01 09:13:17,2024-01-01 09:19:17,6,Crowded
3,2,Male,2024-01-01 18:29:36,2024-01-01 18:38:36,9,Crowded
3,5,Female,2024-01-01 21:29:48,2024-01-01 21:33:48,4,Crowded
1,3,Female,2024-01-01 14:37:56,2024-01-01 14:40:56,3,Crowded
1,5,Male,2024-01-01 11:32:02,2024-01-01 11:39:02,7,Crowded
3,4,Female,2024-01-01 11:35:59,2024-01-01 11:38:59,3,Crowded
1,1,Female,2024-01-01 19:21:26,2024-01-01 19:28:26,7,Crowded
3,4,Male,2024-01-01 17:00:00,2024-01-01 17:04:00,4,Crowded
1,2,Male,2024-01-01 13:53:09,2024-01-01 14:00:09,7,Crowded
2,5,Male,2024-01-01 08:49:43,2024-01-01 08:59:43,10,Crowded
1,5,Female,2024-01-01 19:30:19,2024-01-01 19:39:19,9,Crowded
2,5,Male,2024-01-01 19:29:12,2024-01-01 19:36:12,7,Crowded
2,4,Female,2024-01-01 17:29:01,2024-01-01 17:36:01,7,Crowded
2,1,Male,2024-01-01 13:59:06,2024-01-01 14:09:06,10,Crowded
1,2,Female,2024-01-01 21:11:34,2024-01-01 21:13:34,2,Crowded
2,1,Male,2024-01-01 09:45:28,2024-01-01 09:50:28,5,Crowded
2,1,Male,2024-01-01 12:00:38,2024-01-01 12:03:38,3,Crowded
1,5,Male,2024-01-01 12:55:16,2024-01-01 13:04:16,9,Crowded
1,3,Male,2024-01-01 13:48:10,2024-01-01 13:55:10,7,Crowded
3,5,Female,2024-01-01 15:07:31,2024-01-01 15:17:31,10,Crowded
3,4,Male,2024-01-01 10:57:15,2024-01-01 10:59:15,2,Crowded
3,5,Female,2024-01-01 10:26:46,2024-01-01 10:31:46,5,Crowded
2,3,Male,2024-01-01 13:20:06,2024-01-01 13:21:06,1,Crowded
1,3,Female,2024-01-01 11:48:09,2024-01-01 11:58:09,10,Crowded
3,2,Male,2024-01-01 16:58:36,2024-01-01 17:04:36,6,Crowded
2,1,Female,2024-01-01 21:40:01,2024-01-01 21:43:01,3,Crowded
1,4,Male,2024-01-01 17:32:30,2024-01-01 17:39:30,7,Crowded
2,3,Male,2024-01-01 13:08:36,2024-01-01 13:11:36,3,Crowded
3,5,Female,2024-01-01 12:02:17,2024-01-01 12:03:17,1,Crowded
2,5,Male,2024-01-01 12:06:50,2024-01-01 12:09:50,3,Crowded
3,4,Female,2024-01-01 11:58:30,2024-01-01 12:05:30,7,Crowded
1,5,Female,2024-01-01 15:20:00,2024-01-01 15:30:00,10,Crowded
2,2,Male,2024-01-01 13:05:38,2024-01-01 13:13:38,8,Crowded
1,3,Male,2024-01-01 08:16:14,2024-01-01 08:20:14,4,Crowded
1,5,Female,2024-01-01 10:23:28,2024-01-01 10:25:28,2,Crowded
2,5,Male,2024-01-01 18:40:28,2024-01-01 18:50:28,10,Crowded
2,3,Male,2024-01-01 21:31:36,2024-01-01 21:40:36,9,Crowded
1,2,Female,2024-01-01 19:24:39,2024-01-01 19:30:39,6,Crowded
2,5,Male,2024-01-01 11:06:31,2024-01-01 11:07:31,1,Crowded
2,4,Male,2024-01-01 10:59:42,2024-01-01 11:06:42,7,Crowded
1,5,Male,2024-01-01 14:44:46,2024-01-01 14:51:46,7,Crowded
3,4,Male,2024-01-01 10:51:51,2024-01-01 10:52:51,1,Crowded
1,3,Male,2024-01-01 14:21:04,2024-01-01 14:31:04,10,Crowded
2,5,Male,2024-01-01 18:33:33,2024-01-01 18:40:33,7,Crowded
3,4,Female,2024-01-01 20:54:10,2024-01-01 21:02:10,8,Normal
2,2,Male,2024-01-01 08:19:53,2024-01-01 08:25:53,6,Crowded
2,1,Female,2024-01-01 21:14:45,2024-01-01 21:21:45,7,Crowded
3,4,Male,2024-01-01 21:25:08,2024-01-01 21:31:08,6,Crowded
3,3,Male,2024-01-01 20:00:14,2024-01-01 20:08:14,8,Crowded
1,4,Female,2024-01-01 13:12:14,2024-01-01 13:18:14,6,Crowded
2,1,Female,2024-01-01 15:41:25,2024-01-01 15:45:25,4,Crowded
2,4,Male,2024-01-01 20:04:34,2024-01-01 20:13:34,9,Crowded
1,1,Male,2024-01-01 20:27:51,2024-01-01 20:30:51,3,Crowded
3,2,Female,2024-01-01 20:40:56,2024-01-01 20:41:56,1,Crowded
3,3,Male,2024-01-01 17:50:10,2024-01-01 17:56:10,6,Crowded
1,3,Male,2024-01-01 16:14:47,2024-01-01 16:21:47,7,Crowded
2,2,Female,2024-01-01 14:44:24,2024-01-01 14:48:24,4,Crowded
2,2,Female,2024-01-01 11:25:13,2024-01-01 11:27:13,2,Crowded
3,2,Male,2024-01-01 17:08:34,2024-01-01 17:17:34,9,Crowded
2,2,Male,2024-01-01 14:14:12,2024-01-01 14:16:12,2,Crowded
2,5,Female,2024-01-01 21:14:10,2024-01-01 21:18:10,4,Crowded
2,4,Female,2024-01-01 16:40:06,2024-01-01 16:46:06,6,Crowded
3,3,Female,2024-01-01 21:41:13,2024-01-01 21:48:13,7,Crowded
2,2,Male,2024-01-01 14:47:50,2024-01-01 14:55:50,8,Crowded
1,5,Male,2024-01-01 09:19:48,2024-01-01 09:29:48,10,Crowded
2,1,Female,2024-01-01 21:41:20,2024-01-01 21:44:20,3,Crowded
3,2,Male,2024-01-01 19:12:49,2024-01-01 19:22:49,10,Crowded
3,1,Female,2024-01-01 13:19:40,2024-01-01 13:23:40,4,Crowded
3,2,Female,2024-01-01 08:39:54,2024-01-01 08:47:54,8,Crowded
2,5,Female,2024-01-01 13:45:04,2024-01-01 13:52:04,7,Crowded
3,2,Male,2024-01-01 14:00:46,2024-01-01 14:09:46,9,Crowded
3,2,Female,2024-01-01 15:46:06,2024-01-01 15:55:06,9,Crowded
3,3,Male,2024-01-01 17:22:08,2024-01-01 17:27:08,5,Crowded
3,3,Female,2024-01-01 13:57:00,2024-01-01 14:06:00,9,Crowded
1,4,Male,2024-01-01 11:57:24,2024-01-01 12:00:24,3,Crowded
2,5,Female,2024-01-01 13:58:56,2024-01-01 14:05:56,7,Crowded
3,1,Female,2024-01-01 08:05:46,2024-01-01 08:14:46,9,Normal
2,5,Male,2024-01-01 18:26:49,2024-01-01 18:36:49,10,Crowded
3,5,Male,2024-01-01 09:56:30,2024-01-01 10:01:30,5,Crowded
2,4,Male,2024-01-01 14:09:26,2024-01-01 14:14:26,5,Crowded
2,1,Female,2024-01-01 14:51:24,2024-01-01 14:52:24,1,Crowded
3,2,Male,2024-01-01 16:38:20,2024-01-01 16:42:20,4,Crowded
1,2,Female,2024-01-01 21:39:43,2024-01-01 21:48:43,9,Crowded
1,5,Female,2024-01-01 18:21:11,2024-01-01 18:22:11,1,Crowded
2,3,Female,2024-01-01 10:58:18,2024-01-01 11:04:18,6,Crowded
1,1,Female,2024-01-01 19:57:27,2024-01-01 20:06:27,9,Crowded
3,3,Male,2024-01-01 10:10:03,2024-01-01 10:14:03,4,Crowded
2,5,Female,2024-01-01 09:07:02,2024-01-01 09:10:02,3,Crowded
2,2,Male,2024-01-01 10:13:15,2024-01-01 10:19:15,6,Crowded
2,1,Male,2024-01-01 15:33:57,2024-01-01 15:35:57,2,Crowded
2,1,Male,2024-01-01 20:40:08,2024-01-01 20:43:08,3,Crowded
3,3,Female,2024-01-01 10:20:13,2024-01-01 10:27:13,7,Crowded
2,1,Male,2024-01-01 10:49:09,2024-01-01 10:52:09,3,Crowded
2,1,Male,2024-01-01 14:21:50,2024-01-01 14:23:50,2,Crowded
3,2,Male,2024-01-01 08:08:46,2024-01-01 08:18:46,10,Crowded
3,1,Male,2024-01-01 20:53:17,2024-01-01 20:59:17,6,Crowded
2,1,Female,2024-01-01 18:57:33,2024-01-01 19:02:33,5,Crowded
2,3,Female,2024-01-01 09:49:03,2024-01-01 09:52:03,3,Crowded
1,2,Female,2024-01-01 09:31:59,2024-01-01 09:36:59,5,Crowded
1,4,Female,2024-01-01 20:59:39,2024-01-01 21:03:39,4,Crowded
2,3,Male,2024-01-01 17:02:47,2024-01-01 17:04:47,2,Crowded
1,1,Female,2024-01-01 11:14:50,2024-01-01 11:20:50,6,Crowded
1,5,Female,2024-01-01 12:26:15,2024-01-01 12:28:15,2,Crowded
2,3,Male,2024-01-01 10:13:46,2024-01-01 10:14:46,1,Crowded
2,3,Male,2024-01-01 17:06:23,2024-01-01 17:16:23,10,Crowded
1,1,Male,2024-01-01 19:47:53,2024-01-01 19:51:53,4,Crowded
1,2,Male,2024-01-01 08:52:39,2024-01-01 08:59:39,7,Crowded
3,5,Male,2024-01-01 10:49:00,2024-01-01 10:53:00,4,Crowded
1,2,Male,2024-01-01 15:03:24,2024-01-01 15:07:24,4,Crowded
